1,John,Doe,28,Male
2,Emma,Smith,34,Female
3,Liam,Johnson,40,Male
4,Olivia,Brown,25,Female
5,Noah,Davis,37,Male
6,Sophia,Miller,30,Female
7,William,Wilson,45,Male
8,Isabella,Moore,29,Female
9,James,Taylor,33,Male
10,Mia,Anderson,27,Female
11,Benjamin,Thomas,38,Male
12,Charlotte,Jackson,31,Female
13,Ethan,White,36,Male
14,Amelia,Harris,24,Female
15,Alexander,Martin,41,Male
16,Harper,Thompson,26,Female
17,Daniel,Garcia,39,Male
18,Evelyn,Martinez,28,Female
19,Michael,Robinson,44,Male
20,Abigail,Clark,32,Female
21,Matthew,Rodriguez,35,Male
22,Ella,Lewis,23,Female
23,David,Lee,42,Male
24,Scarlett,Walker,30,Female
25,Joseph,Hall,46,Male
26,Avery,Allen,25,Female
27,Samuel,Young,39,Male
28,Luna,Hernandez,29,Female
29,Henry,King,37,Male
30,Zoey,Wright,27,Female
31,Jack,Lopez,31,Male
32,Riley,Hill,33,Female
33,Sebastian,Scott,40,Male
34,Hannah,Green,28,Female
35,Caleb,Adams,45,Male
36,Madison,Baker,26,Female
37,Nathan,Gonzalez,36,Male
38,Layla,Nelson,24,Female
39,Ryan,Carter,41,Male
40,Penelope,Mitchell,30,Female
41,Elijah,Perez,38,Male
42,Lillian,Roberts,27,Female
43,Isaac,Turner,34,Male
44,Aria,Phillips,25,Female
45,Mason,Campbell,39,Male
46,Grace,Parker,28,Female
47,Owen,Evans,37,Male
48,Chloe,Edwards,32,Female
49,Luke,Collins,35,Male
50,Stella,Stewart,29,Female
101,Ethan,Clark,28,Male
102,Sophia,Lewis,30,Female
103,Liam,Walker,32,Male
104,Olivia,Allen,29,Female
105,Noah,Harris,35,Male
106,Emma,Martinez,27,Female
107,James,Rodriguez,31,Male
108,Ava,White,26,Female
109,William,Scott,33,Male
110,Mia,King,28,Female
111,Benjamin,Wright,37,Male
112,Charlotte,Green,30,Female
113,Daniel,Adams,34,Male
114,Amelia,Nelson,25,Female
115,Alexander,Hill,36,Male
116,Harper,Mitchell,29,Female
117,David,Baker,38,Male
118,Lillian,Gonzalez,27,Female
119,Lucas,Perez,31,Male
120,Scarlett,Carter,30,Female
